pdb_id,resolution,year,pKd,binding_raw
4n70,2.1,2013,12.0,Ki=1pM
1lf9,2.2,2003,12.0,Ki=1pM
6e9a,1.22,2018,11.920818753952375,Ki=0.0012nM
1sl3,1.81,2004,11.853871964321762,Ki=1.4pM
4f3c,1.93,2013,11.823908740944319,Ki=1.5pM
3o9i,1.45,2011,11.823908740944319,Ki=1.5pM
5bry,1.34,2015,11.823908740944319,Ki=0.0015nM
1duv,1.7,2000,11.795880017344075,Kd=1.6pM
4dfg,1.23,2012,11.744727494896694,Ki=1.8pM
2i4x,1.55,2007,11.721246399047171,Ki=1.9pM
